,Filename,Number,Output,Formula,variables,v1_name,v1_type,v1_sample_type,v1_low,v1_high,v2_name,v2_type,v2_sample_type,v2_low,v2_high,v3_name,v3_type,v3_sample_type,v3_low,v3_high,v4_name,v4_type,v4_sample_type,v4_low,v4_high,v5_name,v5_type,v5_sample_type,v5_low,v5_high,v6_name,v6_type,v6_sample_type,v6_low,v6_high,v7_name,v7_type,v7_sample_type,v7_low,v7_high,v8_name,v8_type,v8_sample_type,v8_low,v8_high,v9_name,v9_type,v9_sample_type,v9_low,v9_high,v10_name,v10_type,v10_sample_type,v10_low,v10_high
0,!I.6.20a,1,f,exp(-theta**2/2)/sqrt(2*pi),1,theta,F,ulog,0.1,10,,,,,,,,,,,,,,,,,,,,,,,,,,,,,,,,,,,,,,,,,,,,,
1,!I.6.20,2,f,exp(-(theta/sigma)**2/2)/(sqrt(2*pi)*sigma),2,sigma,F,ulog,0.1,10,theta,F,ulog,0.1,10,,,,,,,,,,,,,,,,,,,,,,,,,,,,,,,,,,,,,,,,
2,!I.6.20b,3,f,exp(-((theta-theta1)/sigma)**2/2)/(sqrt(2*pi)*sigma),3,sigma,F,ulog,0.1,10,theta,F,ulog,0.1,10,theta1,F,ulog,0.1,10,,,,,,,,,,,,,,,,,,,,,,,,,,,,,,,,,,,
3,!I.8.14,4,d,sqrt((X2-X1)**2+(y2-y1)**2),4,X1,F,ulog,0.1,10,X2,F,ulog,0.1,10,y1,F,ulog,0.1,10,y2,F,ulog,0.1,10,,,,,,,,,,,,,,,,,,,,,,,,,,,,,,
4,!I.9.18,5,F,G*m1*m2/((X2-X1)**2+(y2-y1)**2+(z2-z1)**2),8,m1,F,ulog,1.0,1e3,m2,F,ulog,1,1e3,X1,F,ulog,1.0,10,X2,F,ulog,1.0,10,y1,F,ulog,1,10,y2,F,ulog,1.0,10,z1,F,ulog,1.0,10.0,z2,F,ulog,1.0,10.0,,,,,,,,,,
5,!I.10.7,6,m,m_0/sqrt(1-v**2/c**2),2,m_0,F&F&F&F&F&F,ulog&ulog&ulog&ulog&ulog&ulog,0.1&1000.00000000000&1003335640.95198&8.98755178736818e-13&1.00000000000000e+27&1.00000000000000e+33,10&100000000.000000&133356409519.815&8.98755178736818e-11&1.00000000000000e+29&1.00000000000000e+37,v,F&F&F&F&F&F,ulog&ulog&ulog&ulog&ulog&ulog,1e5&100000.000000000&1000000.00000000&1000000.00000000&1000000.00000000&1000000.00000000,1e8&100000000.000000&100000000.000000&100000000.000000&100000000.000000&100000000.000000,,,,,,,,,,,,,,,,,,,,,,,,,,,,,,,,,,,,,,,,
6,!I.11.19,7,A,X1*y1+X2*y2+X3*y3,6,X1,F,ulog,0.1,10,X2,F,ulog,0.1,10,X3,F,ulog,0.1,10,y1,F,ulog,0.1,10,y2,F,ulog,0.1,10,y3,F,ulog,0.1,10.0,,,,,,,,,,,,,,,,,,,,
7,#I.12.1,8,F,mu*Nn,2,mu,F&F&F&F&F&F,ulog&ulog&ulog&ulog&ulog&ulog,0.1&1.00000000000000e-19&0.100000000000000&10000.0000000000&10000000000000.0&1.00000000000000e-11,1&0.100000000000000&10.0000000000000&1000000.00000000&1.00000000000000e+15&1.00000000000000e-9,Nn,F&F&F&F&F&F,ulog&ulog&ulog&ulog&ulog&ulog,1&0.100000000000000&0.980665000000000&1.50000000000000e-5&1.38064900000000e-22&1.89650431249346e+31,100&10.0000000000000&98.0665000000000&0.00150000000000000&1.38064900000000e-20&1.89650431249346e+33,,,,,,,,,,,,,,,,,,,,,,,,,,,,,,,,,,,,,,,,
8,?qrI.12.2,9,F,q1*q2*r/(4*pi*epsilon0*r**3),3,q1,F,ulog,1e-19,0.1,q2,F,ulog,1e-19,0.1,r,F,ulog,1e-11,1,,,,,,,,,,,,,,,,,,,,,,,,,,,,,,,,,,,
9,?qrI.12.4,10,Ef,q1*r/(4*pi*epsilon0*r**3),2,q1,F&F,ulog&ulog,1e-19&8.85418782000000e-12,0.1&8.85418782000000e-10,r,F&F,ulog&ulog,1e-11&0.0100000000000000,1&1.00000000000000,,,,,,,,,,,,,,,,,,,,,,,,,,,,,,,,,,,,,,,,
11,?qI.12.11,11,F,q*(Ef+B*v*sin(theta)),5,q,F,ulog,1e-19,10,Ef,F,ulog,0.1,10,B,F,ulog,0.1,10,v,F,ulog,0.1,10,theta,F,u,0,2*pi,,,,,,,,,,,,,,,,,,,,,,,,,
12,!I.13.4,12,K,1/2*m*(v**2+u**2+w**2),4,m,F,ulog,0.01,1,v,F,ulog,0.1,10,u,F,ulog,0.1,10,w,F,ulog,0.1,10,,,,,,,,,,,,,,,,,,,,,,,,,,,,,,
13,?mrI.13.12,13,U,G*m1*m2*(1/r2-1/r1),4,m1,F,ulog,0.0001,1e31,m2,F,ulog,1e-4,1e31,r1,F,ulog,0.01,1e17,r2,F,ulog,0.01,1e17,,,,,,,,,,,,,,,,,,,,,,,,,,,,,,
15,!I.14.4,14,U,1/2*k_spring*x**2,2,k_spring,F,ulog,0.01,1000,x,F,ulog,0.1,10,,,,,,,,,,,,,,,,,,,,,,,,,,,,,,,,,,,,,,,,
16,!I.15.3x,15,X1,(x-u*t)/sqrt(1-u**2/c**2),3,x,F&F,ulog&ulog,1.0&1.00000000000000e-6,10&0.000100000000000000,u,F&F,ulog&ulog,1e5&1000000.00000000,1e7&100000000.000000,t,F&F,ulog&ulog,1e-06&1.11265005605362e-17,1e-4&1.11265005605362e-15,,,,,,,,,,,,,,,,,,,,,,,,,,,,,,,,,,,
19,!I.16.6,16,v1,(u+v)/(1+u*v/c**2),2,v,F,ulog,100000.0,1e8,u,F,ulog,1e5,1e8,,,,,,,,,,,,,,,,,,,,,,,,,,,,,,,,,,,,,,,,
20,!I.18.4,17,r,(m1*r1+m2*r2)/(m1+m2),4,m1,F,ulog,0.1,10,m2,F,ulog,0.1,10,r1,F,ulog,0.1,10,r2,F,ulog,0.1,10,,,,,,,,,,,,,,,,,,,,,,,,,,,,,,
21,#I.18.12,18,tau,r*F*sin(theta),3,r,F,ulog,0.1,10,F,F,ulog,0.1,100,theta,F,u,0.0,2*pi,,,,,,,,,,,,,,,,,,,,,,,,,,,,,,,,,,,
22,#I.18.16,19,L,m*r*v*sin(theta),4,m,F,ulog,0.1,10,r,F,ulog,0.1,10,v,F,ulog,1.0,1000,theta,F,u,0.0,2*pi,,,,,,,,,,,,,,,,,,,,,,,,,,,,,,
23,!I.24.6,20,E_n,1/2*m*(omega**2+omega_0**2)*1/2*x**2,4,m,F,ulog,0.1,10,omega,F,ulog,0.1,10,omega_0,F,ulog,0.1,10,x,F,ulog,0.1,10,,,,,,,,,,,,,,,,,,,,,,,,,,,,,,
24,#I.25.13,21,Volt,q/C,2,q,F&F&F&F&F&F&F,ulog&ulog&ulog&ulog&ulog&ulog&ulog,0.001&1000000000.00000&0.00100000000000000&112940906.645461&0.00100000000000000&1.00000000000000e-11&0.100000000000000,0.1&100000000000.000&0.100000000000000&11294090664.5461&0.100000000000000&1.00000000000000e-9&10.0000000000000,C,F&F&F&F&F&F&F,ulog&ulog&ulog&ulog&ulog&ulog&ulog,1e-12&0.966643590480185&1.11265005635265e-12&2.00000000000000&5000.00000134378&18965.0431249346&2.02000000000000,1e-4&0.999666435904802&1.11265005635265e-10&101.000000000000&500000.000134378&1896504.31249346&4.00000000000000,,,,,,,,,,,,,,,,,,,,,,,,,,,,,,,,,,,,,,,,
25,#I.26.2,22,theta1,asin(n*sin(theta2)),2,n,F,u,1.0,4,theta2,F,u,0.0,2*pi,,,,,,,,,,,,,,,,,,,,,,,,,,,,,,,,,,,,,,,,
26,#I.27.6,23,foc,1/(1/d1+n/d2),3,d1,F,ulog,0.1,10,d2,F,ulog,0.1,10,n,F,u,1.0,4,,,,,,,,,,,,,,,,,,,,,,,,,,,,,,,,,,,
27,!I.29.4,24,k,omega/c,1,omega,F,ulog,1000000000.0,1e11,,,,,,,,,,,,,,,,,,,,,,,,,,,,,,,,,,,,,,,,,,,,,
28,!I.29.16,25,x,sqrt(X1**2+X2**2-2*X1*X2*cos(theta1-theta2)),4,X1,F,ulog,0.1,10,X2,F,ulog,0.1,10,theta1,F,u,0.0,2*pi,theta2,F,u,0.0,2*pi,,,,,,,,,,,,,,,,,,,,,,,,,,,,,,
29,!I.30.3,26,Int,Int_0*sin(n*theta/2)**2/sin(theta/2)**2,3,Int_0,F,ulog,0.001,0.1,theta,AF,u,-2*pi,2*pi,n,I,ulog,10.0,1000,,,,,,,,,,,,,,,,,,,,,,,,,,,,,,,,,,,
30,!I.30.5,27,theta,asin(lambd/(n*d)),3,lambd,F,ulog,1e-11,1e-9,d,F,ulog,1e-13,1e-7,n,I,ulog,1.0,100,,,,,,,,,,,,,,,,,,,,,,,,,,,,,,,,,,,
31,?aI.32.5,28,Pwr,q**2*a**2/(6*pi*epsilon0*c**3),2,q,F,ulog,0.001,0.1,a,F,ulog,0.1,10,,,,,,,,,,,,,,,,,,,,,,,,,,,,,,,,,,,,,,,,
32,!I.32.17,29,Pwr,(1/2*epsilon0*c*Ef**2)*(8*pi*r**2/3)*(omega**4/(omega**2-omega_0**2)**2),4,Ef,F,ulog,10.0,1e3,r,F,ulog,1e-2,1,omega,F,ulog,1000000000.0,1e11,omega_0,F,ulog,1000000000.0,1e11,,,,,,,,,,,,,,,,,,,,,,,,,,,,,,
33,!I.34.8,30,omega,q*v*B/p,4,q,F&F&F&F&F,ulog&ulog&u&ulog&ulog,1e-11&1.00000000000000e-6&-1.00000000000000&0.100000000000000&-1.00000000000000e-9,1e-9&0.000100000000000000&1.00000000000000&10.0000000000000&-1.00000000000000e-11,v,F&F&F&F&F,ulog&ulog&ulog&ulog&ulog,1e5&1.00000000000000e-11&1.00000000000000e-11&0.00100000000000000&-1.00000000000000e+29,1e7&1.00000000000000e-9&1.00000000000000e-9&0.100000000000000&-1.00000000000000e+27,B,F&F&F&F&F,ulog&ulog&ulog&ulog&ulog,10.0&0.100000000000000&5.00000000000000e-10&0.000100000000000000&-0.100000000000000,1e3&10.0000000000000&5.00000000000000e-8&0.0100000000000000&-0.00100000000000000,p,F&F&F&F&F,ulog&ulog&ulog&ulog&ulog,1000000000.0&0.00100000000000000&1.00000000000000e-30&0.0100000000000000&1.00000000000000e-30,1e11&0.100000000000000&1.00000000000000e-28&1.00000000000000&1.00000000000000e-28,,,,,,,,,,,,,,,,,,,,,,,,,,,,,,
36,!I.34.27,31,E_n,(h/(2*pi))*omega,1,omega,F&I,ulog&ulog,1000000000.0&1.00000000000000,1e11&100.000000000000,,,,,,,,,,,,,,,,,,,,,,,,,,,,,,,,,,,,,,,,,,,,,
37,!I.37.4,32,Int,I1+I2+2*sqrt(I1*I2)*cos(delta),3,I1,F,ulog,0.001,0.1,I2,F,ulog,1e-3,0.1,delta,F,u,0.0,pi,,,,,,,,,,,,,,,,,,,,,,,,,,,,,,,,,,,
38,!I.38.12,33,r,4*pi*epsilon0*(h/(2*pi))**2/(m*q**2),2,m,F&F,ulog&ulog,1.0000000000000001e-28&2.22530011270530e-28,1e-26&2.22530011270530e-26,q,F&F,ulog&ulog,1e-11&1.00000000000000e-10,1e-9&1.00000000000000e-8,,,,,,,,,,,,,,,,,,,,,,,,,,,,,,,,,,,,,,,,
40,!I.39.11,34,E_n,1/(g-1)*pr*V,3,g,F&F&F,u&ulog&ulog,1.0&1.00001000000000&1.99999966666667,2&1.00100000000000&1.99999999996667,pr,F&I&I,ulog&ulog&ulog,1e4&1.00000000000000e+23&1.00000000000000e+23,1e6&1.00000000000000e+25&1.00000000000000e+25,V,F&F&F,ulog&ulog&ulog,1e-05&1.38064900000000e-22&8.85418782000000e-44,1e-3&1.38064900000000e-20&8.85418782000000e-40,,,,,,,,,,,,,,,,,,,,,,,,,,,,,,,,,,,
42,!I.40.1,35,n,n_0*exp(-m*g*x/(k*T)),4,n_0,F,ulog,1e+25,1e27,m,F,ulog,1e-24,1e-22,x,F,ulog,0.01,1,T,F,ulog,10.0,1000,,,,,,,,,,,,,,,,,,,,,,,,,,,,,,
43,!I.41.16,36,L_rad,h/(2*pi)*omega**3/(pi**2*c**2*(exp((h/(2*pi))*omega/(k*T))-1)),2,omega,F,ulog,0.1,10,T,F,ulog,10.0,1000,,,,,,,,,,,,,,,,,,,,,,,,,,,,,,,,,,,,,,,,
46,!I.43.43,37,kappa,1/(g-1)*k*v/A,3,g,F&F,u&ulog,1.0&1.96664359048018,2&1.99966643590480,A,F&F,ulog&ulog,1e-21&1.53617918765323e-33,1e-19&1.53617918765323e-31,v,F&F,ulog&ulog,100.0&0.00100000000000000,1e4&0.100000000000000,,,,,,,,,,,,,,,,,,,,,,,,,,,,,,,,,,,
47,!I.44.4,38,E_n,n*k*T*ln(V2/V1),4,n,I,ulog,1e+23,1e25,T,F,ulog,10.0,1000,V1,F,ulog,1e-05,1e-3,V2,F,ulog,1e-05,1e-3,,,,,,,,,,,,,,,,,,,,,,,,,,,,,,
48,!I.47.23,39,c,sqrt(g*pr/rho),3,g,F,u,1.0,2,pr,F,u,5e-06,15e-6,rho,F,u,1.0,2,,,,,,,,,,,,,,,,,,,,,,,,,,,,,,,,,,,
50,!I.50.26,40,x,X1*(cos(omega*t)+alpha*cos(omega*t)**2),4,X1,F,ulog,0.1,10,omega,F,ulog,10,1e3,t,F,ulog,0.001,0.1,alpha,F,ulog,0.001,0.1,,,,,,,,,,,,,,,,,,,,,,,,,,,,,,
51,!II.2.42,41,Pwr,kappa*(T2-T1)*A/d,5,kappa,F,ulog,0.1,10,T1,F,ulog,10.0,1000,T2,F,ulog,10.0,1000,A,F,ulog,0.0001,0.01,d,F,ulog,0.01,1,,,,,,,,,,,,,,,,,,,,,,,,,
54,!II.6.11,42,Volt,1/(4*pi*epsilon0)*p_d*cos(theta)/r**2,3,p_d,F,ulog,1e-22,1e-20,theta,F,u,0.0,2*pi,r,F,ulog,1e-10,1e-8,,,,,,,,,,,,,,,,,,,,,,,,,,,,,,,,,,,
55,!II.6.15a,43,Ef,p_d/(4*pi*epsilon0)*3*z/r**5*sqrt(x**2+y**2),5,p_d,F,ulog,1e-22,1e-20,r,F,ulog,1e-10,1e-8,x,F,ulog,1e-10,1e-8,y,F,ulog,1e-10,1e-8,z,F,ulog,1e-10,1e-8,,,,,,,,,,,,,,,,,,,,,,,,,
56,!II.6.15b,44,Ef,p_d/(4*pi*epsilon0)*3*cos(theta)*sin(theta)/r**3,3,p_d,F,ulog,1e-22,1e-20,theta,F,u,0.0,pi,r,F,ulog,1e-10,1e-8,,,,,,,,,,,,,,,,,,,,,,,,,,,,,,,,,,,
57,!II.8.7,45,E_n,3/5*q**2/(4*pi*epsilon0*d),2,q,F,ulog,1e-11,1e-9,d,F,ulog,1e-12,1e-10,,,,,,,,,,,,,,,,,,,,,,,,,,,,,,,,,,,,,,,,
58,!II.8.31,46,E_den,epsilon0*Ef**2/2,1,Ef,F,ulog,10.0,1e3,,,,,,,,,,,,,,,,,,,,,,,,,,,,,,,,,,,,,,,,,,,,,
60,?omegaII.11.3,47,x,q*Ef/(m*(omega_0**2-omega**2)),5,q,F,ulog,1e-11,1e-9,Ef,F,ulog,1e-9,1e-7,m,F,ulog,9.999999999999999e-29,1e-26,omega,F,ulog,1000000000.0,1e11,omega_0,F,ulog,omega,1e11,,,,,,,,,,,,,,,,,,,,,,,,,
61,!II.11.17,48,n,n_0*(1+p_d*Ef*cos(theta)/(k*T)),5,n_0,F,ulog,1e+27,1e29,T,F,ulog,10.0,1000,theta,F,u,0.0,2*pi,p_d,F,ulog,1e-22,1e-20,Ef,F,ulog,10,1e3,,,,,,,,,,,,,,,,,,,,,,,,,
62,!II.11.20,49,Pol,n_rho*p_d**2*Ef/(3*k*T),4,n_rho,I,ulog,1e+23,1e25,p_d,F,ulog,1e-22,1e-20,Ef,F,ulog,10.0,1e3,T,F,ulog,10.0,1000,,,,,,,,,,,,,,,,,,,,,,,,,,,,,,
64,!II.11.28,50,theta,1+n*a/(1-(n*a/3)),2,n,I,ulog,1e+23,1e25,a,F,ulog,1e-33,1e-31,,,,,,,,,,,,,,,,,,,,,,,,,,,,,,,,,,,,,,,,
68,!II.15.4,51,E_n,-mew*B*cos(theta),3,mew,F&F,ulog&ulog,9.999999999999999e-26&1.00000000000000e-22,1e-23&1.00000000000000e-20,B,F&F,ulog&ulog,0.001&10.0000000000000,0.1&1000.00000000000,theta,F&F,u&u,0.0&0,2*pi&6.28318530717959,,,,,,,,,,,,,,,,,,,,,,,,,,,,,,,,,,,
71,!II.24.17,52,k,sqrt(omega**2/c**2-pi**2/d**2),2,omega,F,ulog,1000000000.0,1e11,d,F,ulog,1e-3,0.1,,,,,,,,,,,,,,,,,,,,,,,,,,,,,,,,,,,,,,,,
72,!II.27.16,53,flux,epsilon0*c*Ef**2,1,Ef,F,ulog,0.1,10,,,,,,,,,,,,,,,,,,,,,,,,,,,,,,,,,,,,,,,,,,,,,
73,!II.27.18,54,E_den,epsilon0*Ef**2,1,Ef,F,ulog,0.1,10,,,,,,,,,,,,,,,,,,,,,,,,,,,,,,,,,,,,,,,,,,,,,
74,!II.34.2a,55,I,q*v/(2*pi*r),3,q,F,ulog,1e-11,1e-9,v,F,ulog,1e5,1e7,r,F,ulog,1e-11,1e-9,,,,,,,,,,,,,,,,,,,,,,,,,,,,,,,,,,,
75,!II.34.2,56,mew,q*v*r/2,3,q,F&F,ulog&ulog,1e-11&175882000.918628,1e-9&17588200091.8628,v,F&F,ulog&u,1e5&-1.00000000000000,1e7&1.00000000000000,r,F&F,ulog&ulog,1e-11&1.00000000000000e-26,1e-9&1.00000000000000e-22,,,,,,,,,,,,,,,,,,,,,,,,,,,,,,,,,,,
79,!II.35.18,57,n,n_0/(exp(mew*B/(k*T))+exp(-mew*B/(k*T))),4,n_0,I,ulog,1e+23,1e25,T,F,ulog,10.0,1000,B,F,ulog,0.001,0.1,mew,F,ulog,1e-25,1e-23,,,,,,,,,,,,,,,,,,,,,,,,,,,,,,
80,!II.35.21,58,M,n_rho*mew*tanh(mew*B/(k*T)),4,n_rho,I,ulog,1e+23,1e25,B,F,ulog,1e-3,0.1,T,F,ulog,10.0,1000,mew,F,ulog,1e-25,1e-23,,,,,,,,,,,,,,,,,,,,,,,,,,,,,,
81,!II.36.38,59,f,mew*H/(k*T)+(mew*alpha)/(epsilon0*c**2*k*T)*M,5,mew,F,ulog,9.999999999999999e-26,1e-23,H,F,ulog,1e-3,0.1,M,I,ulog,1e+23,1e25,T,F,ulog,10.0,1000,alpha,F,u,0,1,,,,,,,,,,,,,,,,,,,,,,,,,
82,!II.37.1,60,E_n,mew*(1+chi)*B,3,mew,F,ulog,9.999999999999999e-26,1e-23,B,F,ulog,1e-3,0.1,chi,F,ulog,10000.0,1e6,,,,,,,,,,,,,,,,,,,,,,,,,,,,,,,,,,,
85,!III.4.32,61,n,1/(exp((h/(2*pi))*omega/(k*T))-1),2,omega,F,ulog,100000000.0,1e10,T,F,ulog,10.0,1000,,,,,,,,,,,,,,,,,,,,,,,,,,,,,,,,,,,,,,,,
86,!III.4.33,62,E_n,(h/(2*pi))*omega/(exp((h/(2*pi))*omega/(k*T))-1),2,omega,F,ulog,100000000.0,1e10,T,F,ulog,10.0,1000,,,,,,,,,,,,,,,,,,,,,,,,,,,,,,,,,,,,,,,,
88,!III.8.54,63,prob,sin(E_n*t/(h/(2*pi)))**2,2,E_n,F,ulog,1e-18,1e-16,t,F,ulog,1e-18,1e-16,,,,,,,,,,,,,,,,,,,,,,,,,,,,,,,,,,,,,,,,
89,!III.9.52,64,prob,((p_d*Ef*t/(h/(2*pi)))**2)*(sin((omega-omega_0)*t/2)**2)/((omega-omega_0)*t/2)**2,5,p_d,F,ulog,1e-22,1e-20,Ef,F,ulog,10,1e3,t,F,ulog,1e-18,1e-16,omega,F,ulog,100000000.0,1e10,omega_0,F,ulog,1e8,1e10,,,,,,,,,,,,,,,,,,,,,,,,,
90,!III.10.19,65,E_n,mew*sqrt(Bx**2+By**2+Bz**2),4,mew,F,ulog,9.999999999999999e-26,1e-23,Bx,F,ulog,1e-3,0.1,By,F,ulog,0.001,0.1,Bz,F,ulog,0.001,0.1,,,,,,,,,,,,,,,,,,,,,,,,,,,,,,
92,!III.13.18,66,v,2*E_n*d**2*K/(h/(2*pi)),3,E_n,F,ulog,1e-18,1e-16,d,F,ulog,1e-10,1e-8,K,F,ulog,0.1,10,,,,,,,,,,,,,,,,,,,,,,,,,,,,,,,,,,,
93,?qIII.14.14,67,I,I_0*(exp(q*Volt/(k*T))-1),4,I_0,F,ulog,0.001,0.1,q,F,ulog,1e-19,1e-16,Volt,F,ulog,0.1,10,T,F,ulog,10.0,1000,,,,,,,,,,,,,,,,,,,,,,,,,,,,,,
94,!III.15.12,68,E_n,2*U*(1-cos(K*d)),3,U,F,ulog,1e-18,1e-16,K,F,ulog,0.1,10,d,F,ulog,1e-10,1e-8,,,,,,,,,,,,,,,,,,,,,,,,,,,,,,,,,,,
96,?iIII.15.27,69,K,2*pi*alpha/(n*d),3,alpha,I,ulog,1.0,0.5*n,n,I,ulog,1.0,100,d,F,ulog,1e-10,1e-8,,,,,,,,,,,,,,,,,,,,,,,,,,,,,,,,,,,
97,!III.17.37,70,f,b*(1+alpha*cos(theta)),3,b,F,ulog,1e-18,1e-16,alpha,F,ulog,1e-18,1e-16,theta,F,u,0.0,2*pi,,,,,,,,,,,,,,,,,,,,,,,,,,,,,,,,,,,
98,!III.19.51,71,E_n,-m*q**4/(2*(4*pi*epsilon0)**2*(h/(2*pi))**2)*(1/n**2),3,m,F,ulog,9.999999999999999e-31,1e-28,q,F,ulog,1e-11,1e-9,n,I,ulog,1.0,100,,,,,,,,,,,,,,,,,,,,,,,,,,,,,,,,,,,
100,!test_1,72,A,(Z_1*Z_2*alpha*h/(2*pi)*c/(4*E_n*sin(theta/2)**2))**2,4,Z_1,I,ulog,1.0,10,Z_2,I,ulog,1,10,E_n,F,ulog,1e-18,1e-16,theta,F,u,0.0,2*pi,,,,,,,,,,,,,,,,,,,,,,,,,,,,,,
101,!test_2,73,k,m*k_G/L**2*(1+sqrt(1+2*E_n*L**2/(m*k_G**2))*cos(theta1-theta2)),6,m,F,ulog,1e+23,1e25,k_G,F,ulog,1e9,1e11,L,F,ulog,100000000.0,1e10,E_n,F,ulog,1e+25,1e27,theta1,F,u,0.0,2*pi,theta2,F,u,0.0,2*pi,,,,,,,,,,,,,,,,,,,,
102,!test_3,74,r,d*(1-alpha**2)/(1+alpha*cos(theta1-theta2)),4,d,F,ulog,100000000.0,1e10,alpha,F,u,0,1,theta1,F,u,0.0,2*pi,theta2,F,u,0.0,2*pi,,,,,,,,,,,,,,,,,,,,,,,,,,,,,,
103,!test_4,75,v,sqrt(2/m*(E_n-U-L**2/(2*m*r**2))),5,m,F,ulog,1e+23,1e25,E_n,F,ulog,1e25,1e27,U,F,ulog,1e+25,1e27,L,F,ulog,100000000.0,1e10,r,F,ulog,1e8,1e10,,,,,,,,,,,,,,,,,,,,,,,,,
104,!test_5,76,t,2*pi*d**(3/2)/sqrt(G*(m1+m2)),3,d,F,ulog,100000000.0,1e10,m1,F,ulog,1e23,1e25,m2,F,ulog,1e+23,1e25,,,,,,,,,,,,,,,,,,,,,,,,,,,,,,,,,,,
105,!test_6,77,alpha,sqrt(1+2*epsilon**2*E_n*L**2/(m*(Z_1*Z_2*q**2)**2)),7,epsilon,F,ulog,1e-18,1e-16,L,F,ulog,1e-10,1e-8,m,F,ulog,1e-30,1e-28,Z_1,I,ulog,1.0,10,Z_2,I,ulog,1.0,10,q,F,ulog,1e-11,1e-9,E_n,F,ulog,1e-18,1e-16,,,,,,,,,,,,,,,
106,!test_7,78,H_G,sqrt(8*pi*G*rho/3-alpha*c**2/d**2),3,d,F,ulog,100000000.0,1e10,rho,F,ulog,1e-27,1e-25,alpha,AF,u,-1.0,1,,,,,,,,,,,,,,,,,,,,,,,,,,,,,,,,,,,
107,!test_8,79,K,E_n/(1+E_n/(me*c**2)*(1-cos(theta))),2,E_n,F,ulog,1.0000000000000001e-24,1e-22,theta,AF,u,-pi,pi,,,,,,,,,,,,,,,,,,,,,,,,,,,,,,,,,,,,,,,,
108,!test_9,80,Pwr,-32/5*G**4/c**5*(m1*m2)**2*(m1+m2)/r**5,3,m1,F,ulog,1e+23,1e25,m2,F,ulog,1e23,1e25,r,F,ulog,100000000.0,1e10,,,,,,,,,,,,,,,,,,,,,,,,,,,,,,,,,,,
109,!test_10,81,theta1,acos((cos(theta2)-v/c)/(1-v/c*cos(theta2))),2,theta2,F,u,0.0,2*pi,v,F,ulog,1e5,1e7,,,,,,,,,,,,,,,,,,,,,,,,,,,,,,,,,,,,,,,,
110,!test_11,82,I,I_0*(sin(alpha/2)*sin(n*delta/2)/(alpha/2*sin(delta/2)))**2,4,I_0,F,ulog,0.001,0.1,alpha,F,ulog,1e-11,1e-9,delta,F,ulog,1e-11,1e-9,n,I,ulog,1.0,100,,,,,,,,,,,,,,,,,,,,,,,,,,,,,,
111,!test_12,83,F,q/(4*pi*epsilon0*y**2)*(4*pi*epsilon0*Volt*d-q*d*y**3/(y**2-d**2)**2),4,q,F,ulog,0.001,0.1,y,F,ulog,1e-2,1,Volt,F,ulog,0.1,10,d,F,ulog,0.01,1,,,,,,,,,,,,,,,,,,,,,,,,,,,,,,
112,!test_13,84,Volt,1/(4*pi*epsilon)*q/sqrt(r**2+d**2-2*r*d*cos(alpha)),5,q,F,ulog,0.001,0.1,r,F,ulog,1e-2,1,d,F,ulog,0.01,1,alpha,F,u,0.0,2*pi,epsilon,F,ulog,1e-12,1e-10,,,,,,,,,,,,,,,,,,,,,,,,,
113,!test_14,85,Volt,Ef*cos(theta)*(-r+d**3/r**2*(alpha-1)/(alpha+2)),5,Ef,F,ulog,10.0,1000,theta,F,u,0,2*pi,r,F,ulog,0.01,1.0,d,F,ulog,0.01,1.0,alpha,F,ulog,0.1,10.0,,,,,,,,,,,,,,,,,,,,,,,,,
114,!test_15,86,omega_0,sqrt(1-v**2/c**2)*omega/(1+v/c*cos(theta)),3,v,F,ulog,100000.0,1e7,omega,F,ulog,1e9,1e11,theta,F,u,0.0,2*pi,,,,,,,,,,,,,,,,,,,,,,,,,,,,,,,,,,,
115,!test_16,87,E_n,sqrt((p-q*A_vec)**2*c**2+m**2*c**4)+q*Volt,5,m,F,ulog,9.999999999999999e-31,1e-28,p,F,ulog,1e-9,1e-7,q,F,ulog,1e-11,1e-9,A_vec,F,ulog,10.0,1000,Volt,F,ulog,0.1,10.0,,,,,,,,,,,,,,,,,,,,,,,,,
116,!test_17,88,E_n,1/(2*m)*(p**2+m**2*omega**2*x**2*(1+alpha*x/y)),6,m,F,ulog,9.999999999999999e-31,1e-28,omega,F,ulog,1e9,1e11,p,F,ulog,1e-09,1e-7,y,F,ulog,1e-11,1e-9,x,F,ulog,1e-11,1e-9,alpha,F,ulog,0.1,10,,,,,,,,,,,,,,,,,,,,
117,!test_18,89,rho_0,3/(8*pi*G)*(c**2*k_f/r**2+H_G**2),3,H_G,F,ulog,1.0,100,k_f,F,ulog,10,1000,r,F,ulog,100000000.0,1e10,,,,,,,,,,,,,,,,,,,,,,,,,,,,,,,,,,,
118,!test_19,90,pr,-1/(8*pi*G)*(c**4*k_f/r**2+H_G**2*c**2*(1-2*alpha)),4,alpha,AF,u,-10.0,10,k_f,F,ulog,10,1000,r,F,ulog,100000000.0,1e10,H_G,F,ulog,1.0,100,,,,,,,,,,,,,,,,,,,,,,,,,,,,,,
119,!test_20,91,A,1/(4*pi)*alpha**2*h**2/(me**2*c**2)*(omega_0/omega)**2*(omega_0/omega+omega/omega_0-sin(b)**2),3,omega,F,ulog,1000000000.0,1e11,omega_0,F,ulog,1e9,1e11,b,F,u,0.0,2*pi,,,,,,,,,,,,,,,,,,,,,,,,,,,,,,,,,,,
